1,google.com
2,youtube.com
3,facebook.com
4,baidu.com
5,yahoo.com
6,qq.com
7,bilibili.com
8,instagram.com
9,wikipedia.org
10,amazon.com
11,twitter.com
12,zhihu.com
13,taobao.com
14,linkedin.com
15,reddit.com
16,tmall.com
17,bing.com
18,google.com.hk
19,chaturbate.com
20,sohu.com
21,csdn.net
22,sina.com.cn
23,weibo.com
24,jd.com
25,whatsapp.com
26,yandex.ru
27,microsoft.com
28,github.com
29,xvideos.com
30,twitch.tv
31,vk.com
32,pornhub.com
33,live.com
34,163.com
35,tiktok.com
36,netflix.com
37,360.cn
38,canva.com
39,stackoverflow.com
40,aliexpress.com
41,aparat.com
42,yahoo.co.jp
43,t.co
44,fandom.com
45,paypal.com
46,amazon.in
47,naver.com
48,1688.com
49,myshopify.com
50,xhamster.com
51,ebay.com
52,zoom.us
53,douban.com
54,imdb.com
55,mail.ru
56,bongacams.com
57,sogou.com
58,spankbang.com
59,alipay.com
60,quora.com
61,apple.com
62,office.com
63,duckduckgo.com
64,pinterest.com
65,google.co.in
66,xnxx.com
67,telegram.org
68,getadblock.com
69,msn.com
70,spotify.com
71,cnblogs.com
72,flipkart.com
73,microsoftonline.com
74,pikiran-rakyat.com
75,adobe.com
76,discord.com
77,coinmarketcap.com
78,twimg.com
79,indeed.com
80,amazon.co.jp
81,google.cn
82,pixiv.net
83,tribunnews.com
84,t.me
85,wordpress.com
86,etsy.com
87,hao123.com
88,alibaba.com
89,jianshu.com
90,nytimes.com
91,tencent.com
92,booking.com
93,zhanqi.tv
94,aliyun.com
95,bbc.com
96,merdeka.com
97,freepik.com
98,cnn.com
99,hotstar.com
100,ok.ru
101,panda.tv
102,medium.com
103,mediafire.com
104,tradingview.com
105,youku.com
106,doubleclick.net
107,imgur.com
108,amazonaws.com
109,google.co.uk
110,nih.gov
111,deepl.com
112,realsrv.com
113,so.com
114,tumblr.com
115,fiverr.com
116,fc2.com
117,suara.com
118,avito.ru
119,hupu.com
120,mega.nz
121,varzesh3.com
122,w3schools.com
123,stripchat.com
124,roblox.com
125,digikala.com
126,binance.com
127,ilovepdf.com
128,youdao.com
129,grammarly.com
130,force.com
131,rednet.cn
132,kompas.com
133,shopify.com
134,rakuten.co.jp
135,godaddy.com
136,onlyfans.com
137,cctv.com
138,walmart.com
139,google.fr
140,savefrom.net
141,chase.com
142,udemy.com
143,google.co.jp
144,stackexchange.com
145,tianya.cn
146,amazon.co.uk
147,archive.org
148,detik.com
149,primevideo.com
150,dcinside.com
151,deviantart.com
152,instructure.com
153,bet9ja.com
154,nicovideo.jp
155,trello.com
156,zillow.com
157,livedoor.jp
158,espn.com
159,telewebion.com
160,behance.net
161,patreon.com
162,iqiyi.com
163,blogger.com
164,quizlet.com
165,kumparan.com
166,animeflv.net
167,dailymail.co.uk
168,amazon.it
169,dropbox.com
170,wetransfer.com
171,ltn.com.tw
172,amazon.de
173,ifeng.com
174,shutterstock.com
175,nga.cn
176,theguardian.com
177,cricbuzz.com
178,bbc.co.uk
179,daum.net
180,tistory.com
181,huanqiu.com
182,linktr.ee
183,google.com.tw
184,google.ru
185,weather.com
186,smzdm.com
187,yy.com
188,metropoles.com
189,amazon.ca
190,gearbest.com
191,stripe.com
192,researchgate.net
193,eastmoney.com
194,bankofamerica.com
195,dmm.co.jp
196,bet365.com
197,upwork.com
198,y2mate.com
199,yts.mx
200,marca.com
201,uol.com.br
202,yandex.com
203,indiatimes.com
204,9gag.com
205,globo.com
206,ozon.ru
207,youm7.com
208,google.es
209,namu.wiki
210,speedtest.net
211,huya.com
212,mihoyo.com
213,mozilla.org
214,samsung.com
215,google.ca
216,opensea.io
217,albawabhnews.com
218,zhibo8.cc
219,ourhotfeed.com
220,steampowered.com
221,craigslist.org
222,google.com.sg
223,360doc.com
224,wix.com
225,nhentai.net
226,slack.com
227,zoho.com
228,trendyol.com
229,amazon.fr
230,proiezionidiborsa.it
231,vimeo.com
232,epicgames.com
233,foxnews.com
234,amazon.es
235,notion.so
236,line.me
237,chess.com
238,salesforce.com
239,google.de
240,googlevideo.com
241,ali213.net
242,geeksforgeeks.org
243,messenger.com
244,shein.com
245,homedepot.com
246,mangaraw.co
247,intuit.com
248,51sole.com
249,grid.id
250,alicdn.com
251,envato.com
252,filimo.com
253,chegg.com
254,healthline.com
255,1337x.to
256,pexels.com
257,e-hentai.org
258,aliexpress.ru
259,52pojie.cn
260,wildberries.ru
261,xhamsterlive.com
262,google.com.mx
263,nyaa.si
264,lazada.sg
265,hitomi.la
266,51cto.com
267,wellsfargo.com
268,t66y.com
269,xiaohongshu.com
270,namasha.com
271,hubspot.com
272,soundcloud.com
273,shaparak.ir
274,figma.com
275,myanimelist.net
276,sciencedirect.com
277,hdfcbank.com
278,runoob.com
279,bitly.com
280,pconline.com.cn
281,unsplash.com
282,gosuslugi.ru
283,wordpress.org
284,google.com.tr
285,shopee.tw
286,ups.com
287,zippyshare.com
288,dailymotion.com
289,usps.com
290,fextralife.com
291,redd.it
292,17ok.com
293,investing.com
294,noodlemagazine.com
295,ninisite.com
296,sxyprn.com
297,soso.com
298,reverso.net
299,toutiao.com
300,goodreads.com
301,zol.com.cn
302,okta.com
303,donya-e-eqtesad.com
304,themeforest.net
305,eporner.com
306,yjc.news
307,scribd.com
308,pixabay.com
309,smallpdf.com
310,readmanganato.com
311,heavy.com
312,coupang.com
313,istockphoto.com
314,mercadolibre.com.ar
315,livejasmin.com
316,daftsex.com
317,alibaba-inc.com
318,remove.bg
319,in.gr
320,gogoanime.sk
321,mercadolibre.com.mx
322,thepaper.cn
323,jable.tv
324,xueqiu.com
325,hoyoverse.com
326,artstation.com
327,fedex.com
328,douyin.com
329,zendesk.com
330,okezone.com
331,docin.com
332,steamcommunity.com
333,hulu.com
334,aliyuncs.com
335,autohome.com.cn
336,ikea.com
337,wp.pl
338,tokopedia.com
339,ameblo.jp
340,gstatic.com
341,onlinesbi.com
342,blog.jp
343,yelp.com
344,sahibinden.com
345,quillbot.com
346,google.com.sa
347,douyu.com
348,namnak.com
349,tripadvisor.com
350,huawei.com
351,capitalone.com
352,cloudflare.com
353,ria.ru
354,as.com
355,americanexpress.com
356,coursera.org
357,fmkorea.com
358,forbes.com
359,shopee.co.id
360,cdninstagram.com
361,delgarm.com
362,eksisozluk.com
363,rt.com
364,office365.com
365,wikimedia.org
366,nike.com
367,dcard.tw
368,ensonhaber.com
369,genius.com
370,dlsite.com
371,segmentfault.com
372,hp.com
373,crunchyroll.com
374,washingtonpost.com
375,skype.com
376,17track.net
377,gamersky.com
378,espncricinfo.com
379,nnyy6.top
380,target.com
381,ouo.io
382,hbomax.com
383,guancha.cn
384,shopee.com.my
385,enimerotiko.gr
386,youporn.com
387,pinimg.com
388,archiveofourown.org
389,asana.com
390,feishu.cn
391,investopedia.com
392,bestbuy.com
393,gsmarena.com
394,rtbrvdirect.com
395,cloudfront.net
396,mailchimp.com
397,gismeteo.ru
398,mi.com
399,google.co.th
400,www.gov.uk
401,divar.ir
402,google.co.kr
403,xervoo.net
404,google.com.ar
405,3dmgame.com
406,accuweather.com
407,eghtesadnews.com
408,hamusoku.com
409,onet.pl
410,ptt.cc
411,gamewith.jp
412,manage.wix.com
413,disneyplus.com
414,tianyancha.com
415,airbnb.com
416,outbrain.com
417,softonic.com
418,trustpilot.com
419,wayfair.com
420,google.com.eg
421,nypost.com
422,taboola.com
423,wikihow.com
424,blackboard.com
425,4chan.org
426,txxx.com
427,zerodha.com
428,dalfak.com
429,slideshare.net
430,cambridge.org
431,lichess.org
432,infobae.com
433,yuque.com
434,atlassian.net
435,merriam-webster.com
436,cnbc.com
437,ebc.net.tw
438,padlet.com
439,missav.com
440,gamer.com.tw
441,onlinedown.net
442,lowes.com
443,namecheap.com
444,eatthis.com
445,fast.com
446,amazon.com.mx
447,rutracker.org
448,google.com.au
449,cunhua.shop
450,agacelebir.com
451,asus.com
452,5ch.net
453,shopee.co.th
454,google.com.br
455,flickr.com
456,jb51.net
457,irctc.co.in
458,icicibank.com
459,planningunavoidablenull.com
460,realtor.com
461,doc88.com
462,interia.pl
463,2345.com
464,nextdoor.com
465,codegrepper.com
466,animixplay.to
467,vnexpress.net
468,6.cn
469,udn.com
470,91porn.com
471,mlb.com
472,chaoxing.com
473,canada.ca
474,reuters.com
475,idntimes.com
476,chinaz.com
477,dell.com
478,ebay.co.uk
479,shimo.im
480,tktube.com
481,rapidgator.net
482,seznam.cz
483,convertio.co
484,kinopoisk.ru
485,perpetualprovoke.com
486,ign.com
487,sourceforge.net
488,irs.gov
489,sosigninggrudge.com
490,livejournal.com
491,ruliweb.com
492,wsj.com
493,pixnet.net
494,xunlei.com
495,kooora.com
496,vippers.jp
497,torob.com
498,iqbroker.com
499,britannica.com
500,pdfdrive.com
501,businessinsider.com
502,dribbble.com
503,costco.com
504,wattpad.com
505,patria.org.ve
506,bukalapak.com
507,kdocs.cn
508,soap2day.ac
509,tokyomotion.net
510,oracle.com
511,amz123.com
512,lenta.ru
513,ca.gov
514,icloud.com
515,tellmadeirafireplace.com
516,dianxiaomi.com
517,chsi.com.cn
518,qidian.com
519,ezgif.com
520,bp.blogspot.com
521,furstraitsbrowse.com
522,9anime.id
523,inven.co.kr
524,passworddrunkenheating.com
525,residenceseeingstanding.com
526,att.com
527,gamespot.com
528,qcc.com
529,wowhead.com
530,saednews.com
531,maltunfaithfulpredominant.com
532,midgetincidentally.com
533,nba.com
534,kuaishou.com
535,9game.cn
536,antio-nar.com
537,ndtv.com
538,mileroticos.com
539,mit.edu
540,theporndude.com
541,abs-cbn.com
542,gome.com.cn
543,internetdownloadmanager.com
544,docomo.ne.jp
545,g2afse.com
546,sankakucomplex.com
547,saunasupposedly.com
548,weebly.com
549,vaghtesobh.com
550,gofile.io
551,hltv.org
552,netease.com
553,sentimenthypocrisy.com
554,amazon.com.au
555,oschina.net
556,thisvid.com
557,google.co.id
558,bloomberg.com
559,apple.com.cn
560,coingecko.com
561,citi.com
562,visiblejoseph.com
563,pornzog.com
564,discordapp.com
565,dhl.com
566,inflectionquake.com
567,webmd.com
568,exoclick.com
569,aol.com
570,cnnindonesia.com
571,tapd.cn
572,amazon.ae
573,rottentomatoes.com
574,mercari.com
575,redtube.com
576,ixigua.com
577,mehrnews.com
578,ebay.com.au
579,breitbart.com
580,expedia.com
581,jpnn.com
582,mbc.net
583,intel.com
584,javmix.tv
585,cnbcindonesia.com
586,ddrk.me
587,googlesyndication.com
588,boyfriendtv.com
589,livescore.com
590,qualitydestructionhouse.com
591,bookmyshow.com
592,redgifs.com
593,bendibao.com
594,redfin.com
595,disqus.com
596,alwafd.news
597,playstation.com
598,syosetu.com
599,anses.gob.ar
600,unforgivablegrowl.com
601,dreamstime.com
602,uptodown.com
603,wp.com
604,mydrivers.com
605,sxyprn.net
606,mayoclinic.org
607,sberbank.ru
608,hostinger.com
609,adp.com
610,r18.com
611,knownwarn.com
612,moneycontrol.com
613,rambler.ru
614,yangkeduo.com
615,semrush.com
616,manatoki128.net
617,calendly.com
618,porntrex.com
619,xbox.com
620,codecanyon.net
621,shahed4u.tax
622,glassdoor.com
623,elpais.com
624,blogimg.jp
625,www.gov.cn
626,indiamart.com
627,makemytrip.com
628,idnes.cz
629,spiegel.de
630,nownews.com
631,ytimg.com
632,gumroad.com
633,qoo10.sg
634,issuu.com
635,book4you.org
636,elmundo.es
637,tutorialspoint.com
638,academia.edu
639,springer.com
640,shomanews.com
641,youjizz.com
642,dytt8.net
643,thepiratebay.org
644,rokna.net
645,msr2030.com
646,sina.cn
647,dood.so
648,cnet.com
649,alodokter.com
650,npmjs.com
651,wise.com
652,news18.com
653,thawbootsamplitude.com
654,evernote.com
655,cnbeta.com
656,itch.io
657,dbs.com.sg
658,ettoday.net
659,asos.com
660,ultimate-guitar.com
661,hm.com
662,cnki.net
663,biobiochile.cl
664,1377x.to
665,formula1.com
666,theepochtimes.com
667,rule34.xxx
668,dangdang.com
669,viva.co.id
670,hqporner.com
671,doorblog.jp
672,fidelity.com
673,prstej.com
674,rumble.com
675,v2ex.com
676,yeniakit.com.tr
677,prothomalo.com
678,macys.com
679,lotteryhibernateauthorized.com
680,liquipedia.net
681,bestlifeonline.com
682,op.gg
683,state.gov
684,repubblica.it
685,cam4.com
686,afreecatv.com
687,storage.googleapis.com
688,sex.com
689,gitlab.com
690,digitalocean.com
691,dw.com
692,pchome.com.tw
693,creatingkegtogether.com
694,pku.edu.cn
695,javmost.com
696,avgle.com
697,1fichier.com
698,allegro.pl
699,javhdporn.net
700,china.com
701,rezka.ag
702,kakaku.com
703,justdial.com
704,coinbase.com
705,yandex.com.tr
706,usatoday.com
707,snapchat.com
708,cima-club.io
709,duolingo.com
710,lazada.co.th
711,forms.gle
712,uidai.gov.in
713,cloudconvert.com
714,hepsiburada.com
715,gridoto.com
716,game8.jp
717,upornia.com
718,google.it
719,ximalaya.com
720,supjav.com
721,akb48matomemory.com
722,zhipin.com
723,go.com
724,fardanews.com
725,squarespace.com
726,11st.co.kr
727,media-amazon.com
728,corriere.it
729,wykop.pl
730,wordreference.com
731,zhaopin.com
732,jawapos.com
733,etherscan.io
734,sozcu.com.tr
735,motherless.com
736,streamtape.com
737,chouftv.ma
738,dramacool.fo
739,secureserver.net
740,amazon.eg
741,bild.de
742,tnaflix.com
743,4channel.org
744,amazon.cn
745,ixxx.com
746,rctiplus.com
747,marketwatch.com
748,npr.org
749,verizon.com
750,asurascans.com
751,manganato.com
752,2ch-c.net
753,codepen.io
754,tass.ru
755,anige-sokuhouvip.com
756,51job.com
757,nur.kz
758,tampermonkey.net
759,nintendo.com
760,atlassian.com
761,togetter.com
762,sagepub.com
763,antfin-inc.com
764,ecer.com
765,td.com
766,discover.com
767,indianexpress.com
768,ebenefitssh.com
769,people.com.cn
770,buzzfeed.com
771,xfinity.com
772,wiktionary.org
773,weibo.cn
774,rbc.ru
775,jstor.org
776,uptobox.com
777,premierleague.com
778,zoukankan.com
779,moniban.news
780,xhamster18.desi
781,biligame.com
782,tinyurl.is
783,epfindia.gov.in
784,javbus.com
785,onecall2ch.com
786,qd-file.com
787,drom.ru
788,statista.com
789,fararu.com
790,seedmm.fun
791,arca.live
792,naukri.com
793,ticketmaster.com
794,bdimg.com
795,iplt20.com
796,shopee.ph
797,agoda.com
798,elsevier.com
799,made-in-china.com
800,india.com
801,ahrefs.com
802,woa.com
803,1x001.com
804,bscscan.com
805,erome.com
806,novinky.cz
807,python.org
808,cdc.gov
809,flaticon.com
810,x2download.com
811,list-manage.com
812,japanpost.jp
813,biblegateway.com
814,doordash.com
815,hpjav.tv
816,eshkol.io
817,apkpure.com
818,substack.com
819,adblockplus.org
820,mercadolibre.com.ve
821,mangakakalot.com
822,39.net
823,redbubble.com
824,moegirl.org.cn
825,178.com
826,onlinesbi.sbi
827,zhaket.com
828,ea.com
829,livedoor.blog
830,slickdeals.net
831,getbootstrap.com
832,126.com
833,news.com.au
834,timeanddate.com
835,goo.ne.jp
836,xfantazy.com
837,coinpayu.com
838,flightradar24.com
839,typeform.com
840,exhentai.org
841,pornhubpremium.com
842,thesaurus.com
843,nvidia.com
844,payoneer.com
845,bitfinex.com
846,kakao.com
847,fmovies.to
848,voe.sx
849,rightmove.co.uk
850,poki.com
851,avaz.ba
852,ytmp3.cc
853,coursehero.com
854,zcool.com.cn
855,po-kaki-to.com
856,b2clogin.com
857,jw.org
858,kissjav.com
859,hootsuite.com
860,alnaharegypt.com
861,videocampaign.co
862,myntra.com
863,livedoor.com
864,independent.co.uk
865,eventbrite.com
866,tandfonline.com
867,parsfootball.com
868,ebay-kleinanzeigen.de
869,vjav.com
870,ibm.com
871,doki1001.com
872,zalo.me
873,pelisplus.sh
874,medicalnewstoday.com
875,soft98.ir
876,vecteezy.com
877,eghtesadonline.com
878,eluniverso.com
879,fartaknews.com
880,meituan.com
881,juejin.cn
882,bakusai.com
883,pikabu.ru
884,surveymonkey.com
885,shopee.vn
886,bluehost.com
887,rue20.com
888,visualstudio.com
889,mundodeportivo.com
890,ctfile.com
891,nu.nl
892,wnacg.org
893,screenrant.com
894,tci.ir
895,sat.gob.mx
896,indiatoday.in
897,nowcoder.com
898,google.com.vn
899,dingtalk.com
900,rediff.com
901,caliente.mx
902,trontv.com
903,webtoons.com
904,aa.com
905,abc.net.au
906,ithome.com
907,anjuke.com
908,myworkdayjobs.com
909,pornwild.com
910,doujin-freee.com
911,edh.tw
912,beijing.gov.cn
913,watchfreejavonline.co
914,dandanzan10.top
915,mysmth.net
916,liepin.com
917,manyvids.com
918,lectortmo.com
919,n-tv.de
920,freecodecamp.org
921,baiducontent.com
922,cableav.tv
923,rakuten.com
924,hotmart.com
925,hemicalcov.com
926,google.az
927,donmai.us
928,rtl-theme.com
929,zarinpal.com
930,moudamepo.com
931,shomavaeghtesad.com
932,herstory.co.id
933,jkanime.net
934,tarafdari.com
935,newegg.com
936,rutube.ru
937,mxplayer.in
938,bd2020.co
939,360.com
940,18comic.vip
941,royalbank.com
942,tenki.jp
943,cityheaven.net
944,xv-videos1.com
945,nbcnews.com
946,wiley.com
947,ouedkniss.com
948,sky.com
949,harvard.edu
950,huaweicloud.com
951,delta.com
952,gleam.io
953,note.com
954,gmanetwork.com
955,addthis.com
956,javhub.net
957,linkedin.cn
958,fanbox.cc
959,usnews.com
960,jav.guru
961,tmz.com
962,cookpad.com
963,myfreecams.com
964,y2mate.is
965,kickstarter.com
966,n11.com
967,eenadu.net
968,mangahatachi.com
969,cint.com
970,marriott.com
971,rajasthan.gov.in
972,flashscore.com
973,byjus.com
974,futbin.com
975,techradar.com
976,online-convert.com
977,kontan.co.id
978,fuq.com
979,tabelog.com
980,lenovo.com
981,eastday.com
982,zee5.com
983,medcom.id
984,fanfiction.net
985,syf.com
986,kakuyomu.jp
987,pishnahadevizheh.com
988,zara.com
989,iwara.tv
990,hjenglish.com
991,time.ir
992,airtable.com
993,daraz.pk
994,legit.ng
995,gazeta.ru
996,switch520.com
997,ebay.de
998,jotform.com
999,pornpics.com
1000,hdslb.com